timestamp,value,anomaly_prediction,is_anomaly,anomaly_score,hour
2024-01-01,-1.0960001577040597,-1,True,-0.03728776501851194,0
2024-01-02,0.5201553673975614,-1,True,-0.0373611002792158,0
2024-01-03,0.2875203711045591,-1,True,-0.02644391816713121,0
2024-01-04,0.8879157991966788,-1,True,-0.03142188733231599,0
2024-01-05,0.442036767832734,-1,True,-0.01562974137463291,0
2024-01-06,1.0398135394160564,-1,True,-0.03268971772866347,0
2024-01-07,0.0618119284068731,-1,True,-0.030189642033269903,0
2024-01-08,0.6127130022025971,-1,True,-0.07900978555943361,0
2024-01-09,1.9292844975297525,-1,True,-0.0743359790613819,0
2024-01-10,1.3662806396066949,-1,True,-0.08642317933304,0
2024-01-11,1.593596830647291,-1,True,-0.07426140705305284,0
2024-01-12,-14.009423308304816,-1,True,-0.1614893607511777,0
2024-01-13,1.3398649466410426,-1,True,-0.12472759134480238,0
2024-01-14,1.777458081813453,-1,True,-0.11022759815730776,0
2024-01-15,1.598366011865539,-1,True,-0.06710957655584082,0
2024-01-16,1.6907276512277398,-1,True,-0.047342108455393106,0
2024-01-17,2.1770920377641634,-1,True,-0.04863841418216708,0
2024-01-18,3.139450577020095,-1,True,-0.020974545456539317,0
2024-01-19,2.108371515621282,-1,True,-0.004959693483523542,0
2024-01-20,1.5608494839566245,-1,True,-0.024192963226964626,0
2024-01-21,2.6854998859979644,-1,True,-0.029202164406239794,0
2024-01-22,2.505928170740908,-1,True,-0.0218150108787023,0
2024-01-23,2.2486367830567717,1,False,0.03598367616946563,0
2024-01-24,2.7982238209600983,1,False,0.04136011898853309,0
2024-01-25,2.6139061763615734,1,False,0.044789360997886773,0
2024-01-26,3.325618016645814,1,False,0.03934517279826244,0
2024-01-27,3.237376761875145,1,False,0.02141826560567961,0
2024-01-28,3.5728256861852032,1,False,0.02388561856599386,0
2024-01-29,3.0413135088690466,1,False,0.02301501265488537,0
2024-01-30,3.424717919651651,1,False,0.03478002071541386,0
2024-01-31,3.452828344769398,1,False,0.029889055952419752,0
2024-02-01,3.489318532220532,1,False,0.03850835418599147,0
2024-02-02,3.626823524316391,1,False,0.043555672750348995,0
2024-02-03,4.274757219280929,1,False,0.015019264409862454,0
2024-02-04,4.309507499948555,1,False,0.02455915610158671,0
2024-02-05,4.2511990483348425,1,False,0.032165435240519236,0
2024-02-06,5.310215696406395,1,False,0.01162296334585955,0
2024-02-07,3.489647537304849,1,False,0.021055836949494755,0
2024-02-08,3.904774428541961,1,False,0.025848186104357018,0
2024-02-09,4.928169123155342,1,False,0.021201746760402818,0
2024-02-10,4.497815881314157,1,False,0.021944309253950967,0
2024-02-11,4.5750405113825385,1,False,0.02412225967097692,0
2024-02-12,5.170270525853082,1,False,0.03618683122808919,0
2024-02-13,5.098147355529939,1,False,0.04004975709011516,0
2024-02-14,5.403550966673398,1,False,0.03925884269241342,0
2024-02-15,5.802791658362038,1,False,0.03524065356833589,0
2024-02-16,5.656762510512112,1,False,0.043294755498654136,0
2024-02-17,5.401108166631793,1,False,0.01836755128021189,0
2024-02-18,5.735971978320031,1,False,0.02179980748345972,0
2024-02-19,4.410227625300149,1,False,0.0183807521820476,0
2024-02-20,5.484452451500232,1,False,0.025623848584311326,0
2024-02-21,5.342555850765519,-1,True,-0.001231503957214164,0
2024-02-22,6.306593981881918,-1,True,-0.009464732578693735,0
2024-02-23,5.745985909723108,1,False,0.010013922436621026,0
2024-02-24,7.363454459362216,-1,True,-0.02383846497458697,0
2024-02-25,6.8067011666520765,-1,True,-0.008007212137614017,0
2024-02-26,6.730035151920188,-1,True,-0.029518580506236902,0
2024-02-27,6.4706417490059165,-1,True,-0.03699779834205641,0
2024-02-28,6.284900149735252,-1,True,-0.04181889921421167,0
2024-02-29,6.831556089785833,-1,True,-0.0428381608533418,0
2024-03-01,16.795944893091885,-1,True,-0.13380538379644658,0
2024-03-02,7.075118303268479,-1,True,-0.0879264847573632,0
2024-03-03,7.0576095209613054,-1,True,-0.07775201308969582,0
2024-03-04,7.372169543380066,-1,True,-0.043650002141941036,0
2024-03-05,6.8628459701653535,-1,True,-0.020101059775767816,0
2024-03-06,7.568029673412514,-1,True,-0.014825653876608502,0
2024-03-07,7.575722335354462,1,False,0.018579057592800874,0
2024-03-08,7.788832880848334,1,False,0.022796018880668456,0
2024-03-09,6.71957497261389,-1,True,-0.0075850744045892204,0
2024-03-10,7.192735268565844,-1,True,-0.006817149041388748,0
2024-03-11,7.8067198230455634,-1,True,-0.0016987722290560114,0
2024-03-12,7.381524617590912,1,False,0.027890544086513702,0
2024-03-13,7.93553166985015,1,False,0.03411604521587841,0
2024-03-14,7.39882214749167,1,False,0.035067326581343816,0
2024-03-15,7.653527690391006,1,False,0.04805054231150435,0
2024-03-16,8.067927793940314,1,False,0.020210632143923102,0
2024-03-17,8.734141501656639,1,False,0.006594602664896809,0
2024-03-18,9.79978609028721,-1,True,-0.006637377047277959,0
2024-03-19,7.964596975322529,1,False,0.00525927231048029,0
2024-03-20,8.84805842595611,1,False,0.017633518336431953,0
2024-03-21,7.9785385609158705,1,False,0.024943161601749808,0
2024-03-22,8.701950488927851,1,False,0.03361539196680885,0
2024-03-23,8.379273532932707,1,False,0.011677412178413116,0
2024-03-24,7.548540325855865,1,False,0.0080091065622645,0
2024-03-25,9.14300800025615,1,False,0.011907076374905345,0
2024-03-26,8.01265361076025,1,False,0.017507274009049,0
2024-03-27,8.607065440309281,1,False,0.02949908828103831,0
2024-03-28,9.28165194162297,1,False,0.018245605146298305,0
2024-03-29,7.8888827667000125,1,False,0.016639711379887123,0
2024-03-30,9.189174501195565,-1,True,-0.0017298398755298816,0
2024-03-31,9.353558975903209,1,False,0.0014665809324230228,0
2024-04-01,8.870481012541715,1,False,0.024566322328567758,0
2024-04-02,8.691307177804285,1,False,0.0393410639984183,0
2024-04-03,9.134215011246935,1,False,0.035864333994096775,0
2024-04-04,9.816972383892685,1,False,0.032027417581760975,0
2024-04-05,10.03845882198268,1,False,0.0268220241274002,0
2024-04-06,10.189842868326425,1,False,0.0019791034111094064,0
2024-04-07,9.65607856280936,1,False,0.01868359625229965,0
2024-04-08,9.371327770687346,1,False,0.01819372249345158,0
2024-04-09,9.754667107048585,1,False,0.04153135780994305,0
2024-04-10,10.002350832046924,1,False,0.04469007509895051,0
2024-04-11,9.015024215730527,1,False,0.03523123571574133,0
2024-04-12,9.303216909526894,1,False,0.04263390917749249,0
2024-04-13,9.200615614128951,1,False,0.010095803320896157,0
2024-04-14,9.62709587261166,1,False,0.017761846289397143,0
2024-04-15,10.094304505713788,1,False,0.01531029284651192,0
2024-04-16,9.577101974534646,1,False,0.03005980790327395,0
2024-04-17,9.949380229451904,1,False,0.034420871683360166,0
2024-04-18,10.340433171244422,1,False,0.0208788017219802,0
2024-04-19,9.341567198686386,1,False,0.02115053387670318,0
2024-04-20,10.037301967893606,1,False,0.01378604168666242,0
2024-04-21,10.2109709359153,1,False,0.007416110995351444,0
2024-04-22,10.370034661985311,1,False,0.01021898315550307,0
2024-04-23,9.30116936679102,1,False,0.012105625356353844,0
2024-04-24,11.00711372355486,1,False,0.0012415446599488567,0
2024-04-25,9.41822492814441,1,False,0.002623432481932586,0
2024-04-26,9.778130381080402,1,False,0.014055893072047743,0
2024-04-27,10.488344279727809,-1,True,-0.0032612154253793824,0
2024-04-28,10.394885839942685,-1,True,-0.0036251785063970976,0
2024-04-29,10.48317144793814,1,False,0.004757432392756,0
2024-04-30,10.065528397499945,1,False,0.03399795206125805,0
2024-05-01,10.037660905803872,1,False,0.04433760861051633,0
2024-05-02,8.956814260572532,1,False,0.013851044025520676,0
2024-05-03,9.34381657544508,1,False,0.029952411469148565,0
2024-05-04,10.617340505571049,1,False,0.0009105264984561323,0
2024-05-05,10.451744445017615,1,False,0.005903354350170975,0
2024-05-06,9.600379244815509,1,False,0.013513480802519073,0
2024-05-07,10.23941159098336,1,False,0.03605812582263185,0
2024-05-08,9.953992241128311,1,False,0.03814315136132096,0
2024-05-09,10.622021804145968,1,False,0.013680158350719063,0
2024-05-10,9.804184883949052,1,False,0.023296735009847302,0
2024-05-11,9.879365764253444,1,False,0.014465443871168826,0
2024-05-12,9.513191220893225,1,False,0.0084512206732551,0
2024-05-13,10.40487345033266,1,False,0.008520442446087628,0
2024-05-14,9.994391413532844,1,False,0.03377219509021817,0
2024-05-15,10.238412442672558,1,False,0.026229507368734806,0
2024-05-16,10.137930127696642,1,False,0.019003944609258805,0
2024-05-17,9.691313231686133,1,False,0.013638687715168019,0
2024-05-18,9.670355928171343,1,False,0.005632179041528407,0
2024-05-19,10.133489564785824,1,False,0.002076379978385612,0
2024-05-20,9.900120618055702,1,False,0.017989373595965086,0
2024-05-21,11.043325515480936,1,False,0.005786978298654877,0
2024-05-22,9.979956976953018,1,False,0.013903762242133966,0
2024-05-23,9.566057898645989,1,False,0.015337256019012813,0
2024-05-24,10.4710906990679,1,False,0.004707816584643143,0
2024-05-25,9.83119884054302,1,False,0.010368379586192689,0
2024-05-26,10.179485140656393,1,False,0.009189882349649126,0
2024-05-27,9.273723677119348,1,False,0.011669276735765066,0
2024-05-28,9.387215681101107,1,False,0.042245446549451116,0
2024-05-29,9.77988506977396,1,False,0.04286177822834569,0
2024-05-30,9.118818950012518,1,False,0.03911344851409698,0
2024-05-31,9.09114346198875,1,False,0.034411520970328346,0
2024-06-01,9.601735439454169,1,False,0.03498611930000456,0
2024-06-02,10.076422210986994,1,False,0.019255726528515538,0
2024-06-03,9.348586774022923,1,False,0.03478186560494345,0
2024-06-04,10.333831177442004,1,False,0.030338868366853733,0
2024-06-05,8.847710314104127,1,False,0.03569993094802071,0
2024-06-06,10.017921981126236,1,False,0.03270075069692091,0
2024-06-07,8.894446577697883,1,False,0.032364505413647604,0
2024-06-08,8.691720135399581,1,False,0.0351811137287652,0
2024-06-09,8.922544159078871,1,False,0.024174841460748053,0
2024-06-10,8.661597555990614,1,False,0.04135669464077929,0
2024-06-11,9.28824490579924,1,False,0.0525796285126362,0
2024-06-12,9.593823744463773,1,False,0.05193724559645296,0
2024-06-13,9.958271867127932,1,False,0.03647464843773052,0
2024-06-14,8.49434661274426,1,False,0.0282924027450297,0
2024-06-15,8.026174957069072,1,False,0.019676119096660116,0
2024-06-16,8.593993685274887,1,False,0.01665711537684439,0
2024-06-17,8.882087679786128,1,False,0.04361690526758699,0
2024-06-18,8.410767080661868,1,False,0.04909734366086965,0
2024-06-19,9.718188805213464,1,False,0.027819945046593908,0
2024-06-20,9.536852031878862,1,False,0.028514967519395418,0
2024-06-21,8.244547231478524,1,False,0.03370829505199291,0
2024-06-22,7.212710667032774,1,False,0.010731790842686106,0
2024-06-23,8.130674930732942,1,False,0.011389044769366419,0
2024-06-24,8.776372009455104,1,False,0.026866098350946777,0
2024-06-25,8.512392750727168,1,False,0.041795249876228846,0
2024-06-26,7.741600763229671,1,False,0.056434655403262646,0
2024-06-27,7.371875691495361,1,False,0.051227588184828254,0
2024-06-28,7.99482477474991,1,False,0.04091343483434967,0
2024-06-29,7.281103967568022,1,False,0.03105220948823012,0
2024-06-30,7.481306278101401,1,False,0.03271200820350367,0
2024-07-01,7.645635903162344,1,False,0.051715738271322365,0
2024-07-02,5.692421485590761,1,False,0.021704455015465474,0
2024-07-03,6.795138780793986,1,False,0.05244488316421625,0
2024-07-04,6.9929375051030895,1,False,0.06531438757856028,0
2024-07-05,6.516605602865505,1,False,0.06244988181957223,0
2024-07-06,7.065334440322697,1,False,0.04450453360415757,0
2024-07-07,7.825328226615339,1,False,0.021475332779913203,0
2024-07-08,6.865008162730139,1,False,0.04506434638021112,0
2024-07-09,5.717039091778424,1,False,0.038449075634613694,0
2024-07-10,7.117959494918448,1,False,0.05620210729796077,0
2024-07-11,7.507139578087225,1,False,0.05409537681276383,0
2024-07-12,7.179726853930351,1,False,0.05738053313971653,0
2024-07-13,6.349457997578976,1,False,0.04633732481150116,0
2024-07-14,6.528243553982144,1,False,0.041800506567863605,0
2024-07-15,6.708883005094494,1,False,0.05496227107613971,0
2024-07-16,6.7087436278875945,1,False,0.057964699897554595,0
2024-07-17,6.288864431081499,1,False,0.060664629182593466,0
2024-07-18,5.108951404847324,1,False,0.04784254945701483,0
2024-07-19,5.706983544630004,1,False,0.059806199780382985,0
2024-07-20,5.582056291971498,1,False,0.046792509638097834,0
2024-07-21,5.405294916630424,1,False,0.043087228044226045,0
2024-07-22,6.099758034555559,1,False,0.05178854330256122,0
2024-07-23,5.56255907991988,1,False,0.052771275185832356,0
2024-07-24,5.748353230752245,1,False,0.06210574993829637,0
2024-07-25,6.061063369169225,1,False,0.05894809227708958,0
2024-07-26,3.961770578982665,1,False,0.042552080703640194,0
2024-07-27,4.757499555769447,1,False,0.02826892611749421,0
2024-07-28,4.514498438039084,1,False,0.039405995941524885,0
2024-07-29,5.210399154602337,1,False,0.05639821939707079,0
2024-07-30,5.222732981618488,1,False,0.05158630116038265,0
2024-07-31,4.047167682587215,1,False,0.049878820816841085,0
2024-08-01,4.05407781775539,1,False,0.05873686811577605,0
2024-08-02,3.852249193670232,1,False,0.06227244508207985,0
2024-08-03,5.144742038549798,1,False,0.018569906245881507,0
2024-08-04,3.8478801155476097,1,False,0.018969026730302763,0
2024-08-05,4.28887890715189,1,False,0.04752412158282304,0
2024-08-06,3.875142574569534,1,False,0.05024417496041905,0
2024-08-07,4.46372051605872,1,False,0.0534673063083011,0
2024-08-08,3.960951929665791,1,False,0.06056747042481553,0
2024-08-09,3.1230477899484232,1,False,0.05904381456504021,0
2024-08-10,2.782904900040042,1,False,0.03564539953325324,0
2024-08-11,3.231542045168517,1,False,0.03847831495342274,0
2024-08-12,3.396880667617099,1,False,0.051328326055300466,0
2024-08-13,2.5390623595739217,1,False,0.022520916312648243,0
2024-08-14,2.469199111866454,1,False,0.040877332377470654,0
2024-08-15,1.8951483801378488,1,False,0.04129213704780693,0
2024-08-16,2.2070989447312828,1,False,0.04540016526916496,0
2024-08-17,2.357851100634495,1,False,0.01894806401321114,0
2024-08-18,2.679235642228868,-1,True,-0.01569589796336357,0
2024-08-19,2.438096375875823,-1,True,-0.009624842785101007,0
2024-08-20,1.6962260064321208,-1,True,-0.04693516630319172,0
2024-08-21,1.2223261280415738,-1,True,-0.03799144380741026,0
2024-08-22,15.986629235799086,-1,True,-0.16308212069674832,0
2024-08-23,1.6612481818228286,-1,True,-0.0834716189251975,0
2024-08-24,1.0737845978740594,-1,True,-0.08589893073303911,0
2024-08-25,1.769838340216898,-1,True,-0.05997697652599787,0
2024-08-26,1.9136871364429648,-1,True,-0.03211664045852036,0
2024-08-27,1.877689368706536,-1,True,-0.02612201777098544,0
2024-08-28,0.7043149054725164,1,False,0.0014373560788714101,0
2024-08-29,0.1682553231274591,1,False,0.012063050419248045,0
2024-08-30,0.4044357321449541,1,False,0.00047778605140652575,0
2024-08-31,1.4417797564146793,-1,True,-0.03292069040237933,0
2024-09-01,0.3380854571853148,-1,True,-0.02057532461825151,0
2024-09-02,0.816296364311954,1,False,0.019787727604593297,0
2024-09-03,0.5279147837008364,1,False,0.031748861846886245,0
2024-09-04,0.4401407510589721,1,False,0.04850685345992345,0
2024-09-05,-0.0446179123344608,1,False,0.04078523387847738,0
2024-09-06,-0.5153317134309943,-1,True,-0.01347476651338575,0
2024-09-07,0.6356314909645635,-1,True,-0.04668241449442245,0
2024-09-08,-0.2119798865938839,1,False,0.00392954519238764,0
2024-09-09,-0.417601621868398,1,False,0.020468814671473545,0
2024-09-10,0.4556382077554491,1,False,0.002452116332342935,0
2024-09-11,-0.2856125154275222,1,False,0.03487965319360853,0
2024-09-12,-1.4790420383929836,1,False,0.0061669234850922905,0
2024-09-13,-0.8157376701428132,1,False,0.041242187398823016,0
2024-09-14,-0.2563684900287178,1,False,0.028562742365795424,0
2024-09-15,-1.2512215890764748,1,False,0.01701973070663293,0
2024-09-16,-0.7799190167383909,1,False,0.041065455048745536,0
2024-09-17,-0.8193494210108874,1,False,0.04671669523896366,0
2024-09-18,-0.7800766605201404,1,False,0.05016855667405146,0
2024-09-19,-1.7925572836880082,1,False,0.036666378011980305,0
2024-09-20,-1.984552882871196,1,False,0.04595086008346716,0
2024-09-21,-2.124704549004191,1,False,0.034420818661763886,0
2024-09-22,-2.316193588268119,1,False,0.03673095734558396,0
2024-09-23,-1.8447372531364912,1,False,0.051002308329222035,0
2024-09-24,-1.6193845981614965,1,False,0.05441323248448521,0
2024-09-25,-2.80623443980714,1,False,0.023717905014555785,0
2024-09-26,-2.400659884671388,1,False,0.057265365841019655,0
2024-09-27,-2.9520813970065114,1,False,0.05142590278348863,0
2024-09-28,-2.9102380499288145,1,False,0.033703840521056905,0
2024-09-29,-2.653555372759089,1,False,0.035513629841296246,0
2024-09-30,-3.2026961925128976,1,False,0.04869147958014636,0
2024-10-01,-2.4489595039117265,1,False,0.03702962789728098,0
2024-10-02,-2.7421867892047143,1,False,0.04825989033620598,0
2024-10-03,-3.137314988788312,1,False,0.04675405962811008,0
2024-10-04,-3.60822276831994,1,False,0.044082831612916484,0
2024-10-05,-2.850583732087963,1,False,0.019083708833180724,0
2024-10-06,-4.428027537135589,1,False,0.0003302821046228255,0
2024-10-07,-3.4660644308558264,1,False,0.037265423190504576,0
2024-10-08,-3.081372896809204,1,False,0.0376122548775874,0
2024-10-09,-3.501276471493025,1,False,0.04061947060526805,0
2024-10-10,-4.039862158745899,1,False,0.04475674110209793,0
2024-10-11,-3.760404049189697,1,False,0.04223019921175608,0
2024-10-12,-4.222998077090021,1,False,0.01073305313896028,0
2024-10-13,-4.351209577793779,1,False,0.010897208582004214,0
2024-10-14,-4.550346620065615,1,False,0.029471864784901103,0
2024-10-15,-6.082163876403083,-1,True,-0.005647075618130715,0
2024-10-16,-3.9758221120636392,1,False,0.028084852407046446,0
2024-10-17,-5.271499343324521,1,False,0.028556286561505217,0
2024-10-18,-5.814350108273614,1,False,0.03600583943790486,0
2024-10-19,-5.589549695871731,1,False,0.022548591106602123,0
2024-10-20,-4.519994225633144,-1,True,-0.000574951282892755,0
2024-10-21,-5.783731118113724,1,False,0.011893947343754152,0
2024-10-22,-5.95544732216995,1,False,0.016266702025484803,0
2024-10-23,-5.396167237724788,1,False,0.03164498406059657,0
2024-10-24,-5.5956368691065,1,False,0.035179761389616926,0
2024-10-25,-4.586182223355931,1,False,0.0031970754009976177,0
2024-10-26,-5.311831906598449,-1,True,-0.011688155826969249,0
2024-10-27,-6.326654480818899,-1,True,-0.05083996619270781,0
2024-10-28,-6.479056943101919,-1,True,-0.020484964696936725,0
2024-10-29,5.174951349875933,-1,True,-0.1182207137909278,0
2024-10-30,-5.599467327214058,-1,True,-0.06215116091333095,0
2024-10-31,-6.033712572321183,-1,True,-0.05847440409372373,0
2024-11-01,-6.669076846597939,-1,True,-0.029118394785636714,0
2024-11-02,-5.887988606793646,-1,True,-0.025474296580773825,0
2024-11-03,-6.389895086477432,-1,True,-0.03299757606757048,0
2024-11-04,-6.419624673270118,1,False,0.01881097670687326,0
2024-11-05,-7.228035768549993,1,False,0.009499214995289607,0
2024-11-06,-6.9748759747312565,1,False,0.024983134167178678,0
2024-11-07,-5.990658964826744,1,False,0.011914271932557063,0
2024-11-08,-7.206114583421767,1,False,0.008128479384381215,0
2024-11-09,-6.700839365145942,1,False,0.018134403229685903,0
2024-11-10,-7.6259257608671165,1,False,0.008320364462344243,0
2024-11-11,-6.716966037294818,1,False,0.024119023297421716,0
2024-11-12,-7.093612621493748,1,False,0.02980683098789183,0
2024-11-13,-7.525890267501366,1,False,0.03823189740463401,0
2024-11-14,-7.234565460277198,1,False,0.04325153511021507,0
2024-11-15,-7.596451047893689,1,False,0.040667068386789074,0
2024-11-16,-7.647142474193663,1,False,0.02890660444910753,0
2024-11-17,-7.6979747179031905,1,False,0.014540968987595049,0
2024-11-18,-8.178104551850952,1,False,0.027821638797659087,0
2024-11-19,-7.794830626859655,1,False,0.03474830915929811,0
2024-11-20,-8.484638451048557,1,False,0.036498904307126045,0
2024-11-21,-8.178268549114293,1,False,0.04460183709209309,0
2024-11-22,-9.022616580759337,1,False,0.02671627788550096,0
2024-11-23,-8.507867941710671,1,False,0.020803957431378306,0
2024-11-24,-9.013300162316806,1,False,0.0116002421470216,0
2024-11-25,-8.28710660270184,1,False,0.026958788995581295,0
2024-11-26,-7.80490666765237,1,False,0.02390579388641617,0
2024-11-27,-7.957211433481078,1,False,0.03411435730919904,0
2024-11-28,-8.162401172253388,1,False,0.043367164074286646,0
2024-11-29,-9.115428881615308,1,False,0.02299368249560535,0
2024-11-30,-8.531687156097684,1,False,0.017683364593383655,0
2024-12-01,-9.157739785291929,1,False,0.020411874289292475,0
2024-12-02,-8.808142999485373,1,False,0.034088047311620906,0
2024-12-03,-9.07994029642142,1,False,0.032302302153031925,0
2024-12-04,-8.381180211110173,1,False,0.028335843177109243,0
2024-12-05,-8.918869946519798,1,False,0.03767156142299655,0
2024-12-06,-9.541790109876295,1,False,0.03462373623853249,0
2024-12-07,-9.18099134393997,1,False,0.023459488080753266,0
2024-12-08,-8.64365752606903,1,False,0.010151040704329817,0
2024-12-09,-9.647699466007865,1,False,0.01008758945446675,0
2024-12-10,-9.307669287117193,1,False,0.031089883261567752,0
2024-12-11,-8.992487343183178,1,False,0.02707683217017992,0
2024-12-12,-9.543385755147105,1,False,0.031565155462293604,0
2024-12-13,-9.229023531075743,1,False,0.01627303227570115,0
2024-12-14,-9.216657818717255,-1,True,-0.0030766642990219806,0
2024-12-15,-10.160163912682645,-1,True,-0.01869719198546782,0
2024-12-16,-8.71216663331759,-1,True,-0.007025759777461449,0
2024-12-17,-9.8694694817837,-1,True,-0.01974533959068303,0
2024-12-18,-9.897156691308952,-1,True,-0.013727254294490066,0
2024-12-19,-10.221605861603717,-1,True,-0.019767992136461188,0
2024-12-20,-9.853530050227398,-1,True,-0.03625267713403568,0
2024-12-21,-10.304041949521755,-1,True,-0.05716400006482869,0
2024-12-22,-17.932397609137496,-1,True,-0.12472709815182403,0
2024-12-23,-9.778567006231556,-1,True,-0.08617241089526828,0
2024-12-24,-10.347229138127677,-1,True,-0.07521045677794258,0
2024-12-25,-9.898860525161638,-1,True,-0.05138157107667973,0
2024-12-26,-11.110609186629544,-1,True,-0.04668982698027346,0
2024-12-27,-10.371017341061126,-1,True,-0.019989209134132824,0
2024-12-28,-9.846145536299892,-1,True,-0.02238724169396311,0
2024-12-29,-9.477757481210194,-1,True,-0.03125987452936185,0
2024-12-30,-10.304057380170326,-1,True,-0.020528186008609284,0
2024-12-31,-9.935612112176711,-1,True,-0.011018635956413725,0
2025-01-01,-9.637378317013166,1,False,0.011951579958845715,0
2025-01-02,-9.682818580523357,1,False,0.0326353756976423,0
2025-01-03,-9.96773306724653,1,False,0.03577852262116227,0
2025-01-04,-10.490231837630391,1,False,0.007150610162404425,0
2025-01-05,-10.053173206062931,1,False,0.017988778868404942,0
2025-01-06,-9.701065266410149,1,False,0.021688864531219487,0
2025-01-07,-9.688206511448904,1,False,0.02389059794597892,0
2025-01-08,-9.508036761339024,1,False,0.029951247666553382,0
2025-01-09,-10.848940439175651,1,False,0.013239332565768591,0
2025-01-10,-10.06896958870737,1,False,0.028899218053684006,0
2025-01-11,-9.730710285358306,1,False,0.018252469981859976,0
2025-01-12,-10.127292600229026,1,False,0.008536753903843064,0
2025-01-13,-9.809308028684187,1,False,0.022475476463792554,0
2025-01-14,-10.752503709967652,-1,True,-0.006304067828132531,0
2025-01-15,-10.462796378857572,1,False,0.013148110130553725,0
2025-01-16,-11.27456082874521,-1,True,-0.004822125559384882,0
2025-01-17,-10.264356850627667,1,False,0.012182343954145247,0
2025-01-18,-9.505014180947908,-1,True,-0.003081163908930762,0
2025-01-19,-10.432404699577107,1,False,0.004351329268922233,0
2025-01-20,-10.05816094339524,1,False,0.027860867406437506,0
2025-01-21,-9.903483306104809,1,False,0.020445772383235306,0
2025-01-22,-10.42839183782477,1,False,0.04877944536280315,0
2025-01-23,-9.389358357282104,1,False,0.042574776368520306,0
2025-01-24,-9.085979010720669,1,False,0.03760384477934681,0
2025-01-25,-8.119370831660728,1,False,0.007917094503030131,0
2025-01-26,-9.90917532010972,1,False,0.0025520638342014235,0
2025-01-27,-9.501422181085896,1,False,0.025582737396377397,0
2025-01-28,-10.476208567198622,1,False,0.015543698424977492,0
2025-01-29,-10.07033923726538,1,False,0.049860539131811765,0
2025-01-30,-10.263638767541757,1,False,0.04045993618543664,0
2025-01-31,-9.28271962371938,1,False,0.03338151461399219,0
2025-02-01,-9.915212659630612,1,False,0.03736822817070973,0
2025-02-02,-9.673477743472692,1,False,0.0321323832710006,0
2025-02-03,-9.950986606727584,1,False,0.034647625949762395,0
2025-02-04,-9.724510630120612,1,False,0.050055263838979736,0
2025-02-05,-9.409667637644198,1,False,0.05599956191760558,0
2025-02-06,-9.21651228315878,1,False,0.06084968504849636,0
2025-02-07,-9.726262738140276,1,False,0.060341449610106346,0
2025-02-08,-8.609007403812434,1,False,0.031394920256758774,0
2025-02-09,-10.089930225214164,1,False,0.01103619054977395,0
2025-02-10,-8.760914790223799,1,False,0.038372844326669486,0
2025-02-11,-9.475150714973788,1,False,0.043009851638111996,0
2025-02-12,-9.566919221025502,1,False,0.05699245430088368,0
2025-02-13,-9.99529514756155,1,False,0.05644769256155685,0
2025-02-14,-8.547021001794109,1,False,0.04613706770441861,0
2025-02-15,-8.39748623982737,1,False,0.0314492829145222,0
2025-02-16,-8.795744481571102,1,False,0.04284484337755701,0
2025-02-17,-8.081866686502613,1,False,0.045322411369652815,0
2025-02-18,-9.1401926125414,1,False,0.04677407969279368,0
2025-02-19,-9.393710514431536,1,False,0.057163042421885024,0
2025-02-20,-9.881135657253456,1,False,0.05037791579287382,0
2025-02-21,-9.188771249506209,1,False,0.061225064096403214,0
2025-02-22,-8.127092141284821,1,False,0.03193356958484633,0
2025-02-23,-9.30197925381163,1,False,0.032230006831984126,0
2025-02-24,-8.718406949367711,1,False,0.05465127094134181,0
2025-02-25,-8.590053101689646,1,False,0.05822544776733746,0
2025-02-26,-7.874666717393384,1,False,0.0555567930541882,0
2025-02-27,-8.363558625073392,1,False,0.06799938605495853,0
2025-02-28,-7.936172898816393,1,False,0.059219928129432775,0
2025-03-01,-8.922738357029534,1,False,0.027673635915395067,0
2025-03-02,-7.659251463462001,1,False,0.030718298974748037,0
2025-03-03,-8.106823610023405,1,False,0.0567255782198835,0
2025-03-04,-7.717601444601114,1,False,0.05486688626296904,0
2025-03-05,-7.647815197096842,1,False,0.06586358554097738,0
2025-03-06,-7.224101918152105,1,False,0.05735721426174811,0
2025-03-07,-8.396873041085897,1,False,0.03627433375493522,0
2025-03-08,-7.921253305517396,1,False,0.04229386785166439,0
2025-03-09,-8.044405155932912,1,False,0.037568896207407054,0
2025-03-10,-6.677125033542135,1,False,0.03585641030401382,0
2025-03-11,-7.298043155903215,1,False,0.04565624455545225,0
2025-03-12,-7.6642749151665885,1,False,0.055382802829167965,0
2025-03-13,-7.473893044948701,1,False,0.06482008023059649,0
2025-03-14,-6.789855990400194,1,False,0.05738792585423691,0
2025-03-15,-6.283256156114558,1,False,0.037548990964797524,0
2025-03-16,-6.101692056279774,1,False,0.042711520470177844,0
2025-03-17,-7.146931717788803,1,False,0.0345311184468261,0
2025-03-18,-6.6051529881847415,1,False,0.05328457279745663,0
2025-03-19,-6.759791473346379,1,False,0.05808539469401053,0
2025-03-20,-6.551973116592427,1,False,0.06015169640197693,0
2025-03-21,-6.673815078362687,1,False,0.06026913025456054,0
2025-03-22,-6.218977586606045,1,False,0.04810093773845481,0
2025-03-23,-6.176095588761943,1,False,0.027599264399007783,0
2025-03-24,-5.954236100193008,1,False,0.04116069258114313,0
2025-03-25,-6.226088202558587,1,False,0.04510247124619754,0
2025-03-26,-5.329483259958382,1,False,0.03989847819114034,0
2025-03-27,-6.237674933274136,1,False,0.02829676623586963,0
2025-03-28,-5.134775288662751,1,False,0.006028945250408646,0
2025-03-29,-5.170225972107543,-1,True,-0.002017220531943198,0
2025-03-30,-6.043590742447803,-1,True,-0.05833798804344925,0
2025-03-31,-5.177580546944733,-1,True,-0.040706054409129555,0
2025-04-01,-17.5759735555883,-1,True,-0.12978090205298853,0
2025-04-02,-4.892113104263536,-1,True,-0.07040605198957828,0
2025-04-03,-5.191588133936648,-1,True,-0.061018935062120305,0
2025-04-04,-4.186909431618982,-1,True,-0.023513223480109646,0
2025-04-05,-4.435897609811805,-1,True,-0.012851370566341003,0
2025-04-06,-4.624545084402179,-1,True,-0.01814632428084406,0
2025-04-07,-5.19363283155181,1,False,0.02501664755202604,0
2025-04-08,-5.121298298567524,1,False,0.029473258583987028,0
2025-04-09,-4.00427839452919,1,False,0.016553361187021387,0
2025-04-10,-3.93659718346053,1,False,0.018997826075611457,0
2025-04-11,-3.563849046289056,1,False,0.018252384994100757,0
2025-04-12,-4.143182403880618,1,False,0.038824896306946965,0
2025-04-13,-5.484100913972751,-1,True,-1.0809464737526753e-05,0
2025-04-14,-4.1005345639923965,1,False,0.03987262605357328,0
2025-04-15,-3.1042955230165923,1,False,0.03575204146967492,0
2025-04-16,-4.610522667001996,1,False,0.03400425304700583,0
2025-04-17,-4.739999939373103,1,False,0.036896245074497624,0
2025-04-18,-3.1745104510200104,1,False,0.038566202124870386,0
2025-04-19,-2.81342453416336,1,False,0.02700929542199837,0
2025-04-20,-3.630941831571232,1,False,0.017629765558264288,0
2025-04-21,-3.775219481609382,1,False,0.031309335360241,0
2025-04-22,-1.9569286128169543,1,False,0.03305680836484837,0
2025-04-23,-2.403908341114591,1,False,0.03825051447200206,0
2025-04-24,-2.481642461223636,1,False,0.04616377153994061,0
2025-04-25,-1.81002235229758,1,False,0.04360210153685051,0
2025-04-26,-1.8294566998628323,1,False,0.023064627231070722,0
2025-04-27,-2.178415776490323,1,False,0.017679006575933465,0
2025-04-28,-2.855993193226528,-1,True,-0.01404172427728112,0
2025-04-29,-1.92447235763184,-1,True,-0.00026083486041372783,0
2025-04-30,-10.476231961519131,-1,True,-0.07646400701997358,0
2025-05-01,-1.2283520751014714,-1,True,-0.037737694451452475,0
2025-05-02,-2.667009974486008,-1,True,-0.029152656963171264,0
2025-05-03,-2.395141278407492,-1,True,-0.015261625878321028,0
2025-05-04,-1.3836261403313062,-1,True,-0.01043329612328392,0
2025-05-05,-0.9379654092407904,1,False,0.00030703858173369847,0
2025-05-06,-1.0339381244230852,1,False,0.03137624914585624,0
2025-05-07,-0.9665407578431632,1,False,0.03186330457645836,0
2025-05-08,-0.5749708476239239,1,False,0.030611487452146924,0
2025-05-09,-1.212919567276531,1,False,0.021769152820105497,0
2025-05-10,-0.3239428820100625,1,False,0.01239050540646347,0
2025-05-11,-0.2375536253145632,1,False,0.02019470330136769,0
2025-05-12,-0.1258888972829015,1,False,0.03459102629954458,0
2025-05-13,-0.091318549069013,1,False,0.03403605128419618,0
2025-05-14,-0.330087915021713,1,False,0.004392766221335442,0
2025-05-15,1.11117402498437,-1,True,-0.007020746312042303,0
2025-05-16,0.405462202425265,1,False,0.028116913096657203,0
2025-05-17,0.6621325960786528,1,False,0.021535196116712785,0
2025-05-18,0.7647211871339359,1,False,0.025493613907154378,0
2025-05-19,0.7287113890578729,1,False,0.053511655203609565,0
2025-05-20,1.3570233200602728,1,False,0.03034238603614109,0
2025-05-21,0.6669398063297236,1,False,0.04680431863511536,0
2025-05-22,0.8402412591318666,1,False,0.05501761480926465,0
2025-05-23,1.0545479546210448,1,False,0.04890674612189366,0
2025-05-24,1.4670962960331562,1,False,0.025195669075741,0
2025-05-25,1.892821198167196,1,False,0.025779799063834652,0
2025-05-26,0.7414751650094875,1,False,0.03389712336505479,0
2025-05-27,0.7675661193390126,1,False,0.04104493314088009,0
2025-05-28,1.469376010412441,1,False,0.03380737171987647,0
2025-05-29,2.631034381428766,1,False,0.025284843676892155,0
2025-05-30,1.9183505743208065,1,False,0.051292794172306255,0
2025-05-31,2.024841924673007,1,False,0.035731010477253466,0
2025-06-01,1.5088660690572755,1,False,0.030270342730137734,0
2025-06-02,2.13878607431089,1,False,0.04198652905456279,0
2025-06-03,2.822684518067748,1,False,0.039578951371510074,0
2025-06-04,2.54968187656176,1,False,0.05512600412449731,0
2025-06-05,1.6958051940619367,1,False,0.04595021513754577,0
2025-06-06,3.5023510843714947,1,False,0.036308888958921925,0
2025-06-07,3.927153051226047,1,False,0.00989024998735627,0
2025-06-08,3.118525290001318,1,False,0.035739147058432064,0
2025-06-09,3.5767146112162065,1,False,0.04994446107786249,0
2025-06-10,3.1738286616663096,1,False,0.05347430918545143,0
2025-06-11,3.7548194183513495,1,False,0.056069961997614104,0
2025-06-12,3.719135878109282,1,False,0.061763804588008286,0
2025-06-13,4.0492994685284005,1,False,0.05901124967100008,0
2025-06-14,3.23369270615136,1,False,0.03333671381062192,0
2025-06-15,3.990069551213263,1,False,0.03672314078954869,0
2025-06-16,4.707263081077231,1,False,0.038130041547642435,0
2025-06-17,4.512595263117772,1,False,0.05279487350063722,0
2025-06-18,3.966652461721096,1,False,0.05572181669395515,0
2025-06-19,4.21689556255338,1,False,0.05992733599938593,0
2025-06-20,5.128246298642358,1,False,0.04575635868182115,0
2025-06-21,4.293908196033208,1,False,0.02990207784166249,0
2025-06-22,4.519851400069157,1,False,0.0346819123718784,0
2025-06-23,4.975102410025817,1,False,0.04861159785283148,0
2025-06-24,5.432399888382555,1,False,0.053033365994504866,0
2025-06-25,4.115107842067163,1,False,0.043513022581533056,0
2025-06-26,4.750006130636756,1,False,0.05223771185247472,0
2025-06-27,4.692723667074219,1,False,0.06240345065402714,0
2025-06-28,5.357230211311723,1,False,0.03775030550288838,0
2025-06-29,5.624550115790389,1,False,0.03777104754130384,0
2025-06-30,6.191505273040405,1,False,0.03718623682034056,0
2025-07-01,5.413448817892669,1,False,0.054792268290378976,0
2025-07-02,5.511811566814254,1,False,0.0582947686884423,0
2025-07-03,6.291998209979752,1,False,0.04884961731327031,0
2025-07-04,5.57321519925438,1,False,0.0589559522352443,0
2025-07-05,6.07438847738414,1,False,0.03826332331860027,0
2025-07-06,5.625622138018134,1,False,0.015863608762408887,0
2025-07-07,6.016417763801897,1,False,0.025232161868329384,0
2025-07-08,5.975555874607842,1,False,0.025036985653858257,0
2025-07-09,5.940258564008991,1,False,0.039934540622855785,0
2025-07-10,6.0700203863288085,1,False,0.04018864418929691,0
2025-07-11,5.985242823052701,1,False,0.02127070690410715,0
2025-07-12,6.675442465062788,-1,True,-0.005568325888300252,0
2025-07-13,7.070333453249578,-1,True,-0.03852378363283848,0
2025-07-14,6.742015555712606,-1,True,-0.019354611733081617,0
2025-07-15,17.051131630539484,-1,True,-0.13220150630930338,0
2025-07-16,6.0678438867037885,-1,True,-0.0554826876547877,0
2025-07-17,6.759820003260632,-1,True,-0.03638677582811678,0
2025-07-18,7.646162947334117,-1,True,-0.008618194708250093,0
2025-07-19,6.73808088590638,-1,True,-0.006737364555414849,0
2025-07-20,6.338318691324143,-1,True,-0.014687083037439486,0
2025-07-21,7.564993189793579,1,False,0.025179982683012747,0
2025-07-22,7.013490293861764,1,False,0.0329573676810731,0
2025-07-23,7.583719453815596,1,False,0.041453651140788694,0
2025-07-24,7.6161862595385825,1,False,0.04182761862929496,0
2025-07-25,7.973149723222038,1,False,0.03623152822569242,0
2025-07-26,7.692487227561997,1,False,0.03861017053666854,0
2025-07-27,7.583580895924368,1,False,0.03691757668920148,0
2025-07-28,7.770361528062111,1,False,0.04256081886663432,0
2025-07-29,7.273591823023403,1,False,0.053435925108068605,0
2025-07-30,7.958931643563637,1,False,0.05279112133835007,0
2025-07-31,8.010258288918829,1,False,0.053665809256142116,0
2025-08-01,8.598039507434674,1,False,0.045395923422684115,0
2025-08-02,8.412497778724894,1,False,0.02884125824782141,0
2025-08-03,8.976740750282316,1,False,0.0195447604915564,0
2025-08-04,9.091429586260736,1,False,0.03130260614037911,0
2025-08-05,8.397818301711405,1,False,0.04229280832917082,0
2025-08-06,8.040512500707841,1,False,0.04155933967807174,0
2025-08-07,8.5809088951354,1,False,0.0442917150956646,0
2025-08-08,8.532146307310699,1,False,0.04829536596765949,0
2025-08-09,8.201315117265896,1,False,0.026361559701124304,0
2025-08-10,9.289390815224786,1,False,0.017833734791760703,0
2025-08-11,9.153721141332126,1,False,0.036519367097118505,0
2025-08-12,8.222454378400304,1,False,0.03358402001049632,0
2025-08-13,8.614581232190755,1,False,0.04033679271841184,0
2025-08-14,8.989222367222904,1,False,0.05390235346298783,0
2025-08-15,8.2676478418871,1,False,0.04877639788356625,0
2025-08-16,9.1715528075737,1,False,0.033418127848021284,0
2025-08-17,8.68589583244569,1,False,0.03577888547596425,0
2025-08-18,10.02124188733224,1,False,0.018803698164316762,0
2025-08-19,8.729335597953304,1,False,0.037981192201901604,0
2025-08-20,9.294088327230677,1,False,0.04339005937772539,0
2025-08-21,9.454244760060073,1,False,0.04608227100543455,0
2025-08-22,10.37579435693556,1,False,0.017286987995423386,0
2025-08-23,9.953796336577213,1,False,0.01968642564534928,0
2025-08-24,8.568149568261916,1,False,0.003488154128370613,0
2025-08-25,9.632655893443228,1,False,0.018183141670884695,0
2025-08-26,8.533322457756809,1,False,0.03646197734577289,0
2025-08-27,9.569143725411353,1,False,0.04632108107032884,0
2025-08-28,8.906382914651022,1,False,0.05528785707935607,0
2025-08-29,9.062572037848232,1,False,0.055849210556665474,0
2025-08-30,10.442997992025278,1,False,0.00415861137662682,0
2025-08-31,9.293692966401007,1,False,0.026177762975561403,0
2025-09-01,10.327502274996853,1,False,0.018665449269871237,0
2025-09-02,10.286575903116145,1,False,0.02859033724854515,0
2025-09-03,10.313820598087908,1,False,0.028076041855340628,0
2025-09-04,9.65949362920258,1,False,0.03364337679115592,0
2025-09-05,9.564871000059108,1,False,0.029654353350258233,0
2025-09-06,10.062138595800755,1,False,0.022547490822050653,0
2025-09-07,9.212522159585935,1,False,0.025378946705401584,0
2025-09-08,9.950258456818483,1,False,0.024951257057949816,0
2025-09-09,9.166326537990134,1,False,0.026778834082311076,0
2025-09-10,10.415886055380168,1,False,0.013322569255296735,0
2025-09-11,9.651377397220749,1,False,0.029871883787730535,0
2025-09-12,10.611189458342745,1,False,0.0037851983488476626,0
2025-09-13,10.357093136824936,1,False,0.002524121643398214,0
2025-09-14,10.152947064381689,1,False,0.005825137434808669,0
2025-09-15,9.865138656993215,1,False,0.007066515556199471,0
2025-09-16,10.424747921718057,1,False,0.008770830094116333,0
2025-09-17,10.299042420527288,1,False,0.013879830973186902,0
2025-09-18,10.48158903491388,1,False,0.012918747771059058,0
2025-09-19,9.99530559587635,1,False,0.013428664324550754,0
2025-09-20,9.58710511631714,-1,True,-0.006991155778308111,0
2025-09-21,11.205816786422602,-1,True,-0.02292340772534529,0
2025-09-22,9.832193019829337,-1,True,-0.002620647780430807,0
2025-09-23,10.520279975029316,1,False,0.001272543586373076,0
2025-09-24,9.641873605293425,1,False,0.013927357637728177,0
2025-09-25,10.22983314442376,1,False,0.021491090405328928,0
2025-09-26,10.117740092824098,1,False,0.02451374458017047,0
2025-09-27,10.533938183159684,1,False,0.008408955812890195,0
2025-09-28,10.082665926953686,1,False,0.018818767221234878,0
2025-09-29,10.130772231689836,1,False,0.021042552537917647,0
2025-09-30,8.745675936234413,1,False,0.012378875391543975,0
2025-10-01,9.914409988388448,1,False,0.010955334782076609,0
2025-10-02,10.715412146161968,-1,True,-0.002166671275440457,0
2025-10-03,9.956754725067208,1,False,0.02001754887912066,0
2025-10-04,9.878369435092775,1,False,0.011870509517539873,0
2025-10-05,9.037647330324145,1,False,0.009353940613598344,0
2025-10-06,9.004245778441861,1,False,0.0194255130189811,0
2025-10-07,9.435543197496733,1,False,0.03601247556266729,0
2025-10-08,9.312142661801015,1,False,0.04430834831895475,0
2025-10-09,8.985290729490089,1,False,0.04588350939746222,0
2025-10-10,9.885794190975348,1,False,0.028434825716838752,0
2025-10-11,9.222715568456424,1,False,0.01639783540104084,0
2025-10-12,10.02656586789874,1,False,0.012247920478280938,0
2025-10-13,10.163315061655192,1,False,0.012732715208764345,0
2025-10-14,9.244011075744496,1,False,0.02181468928789293,0
2025-10-15,8.350780814583574,1,False,0.005000805080882298,0
2025-10-16,10.360011955110702,1,False,0.003971346885092986,0
2025-10-17,9.22593936051175,1,False,0.020460169838565023,0
2025-10-18,8.592597340639232,1,False,0.012465398424728324,0
2025-10-19,8.814245257678383,1,False,0.007420749832210638,0
2025-10-20,8.71473119128445,1,False,0.027375461170786652,0
2025-10-21,8.71430536192265,1,False,0.03839107916219936,0
2025-10-22,9.324811408429818,1,False,0.03254200979971156,0
2025-10-23,8.830552095656154,1,False,0.03666460514234743,0
2025-10-24,9.263290302261932,1,False,0.03036735059398249,0
2025-10-25,9.299588977699043,1,False,0.009132964465656701,0
2025-10-26,8.92123853134019,1,False,0.018989959605923257,0
2025-10-27,8.385585438783083,1,False,0.016570227456123576,0
2025-10-28,9.605837778931583,1,False,0.013840380645013195,0
2025-10-29,9.026942815710497,1,False,0.03109459671974424,0
2025-10-30,8.93880601274167,1,False,0.03976354568426915,0
2025-10-31,8.237089226261359,1,False,0.037640734406687304,0
2025-11-01,7.835637200980192,1,False,0.008288955259886543,0
2025-11-02,7.369270194262531,1,False,0.014756705481225152,0
2025-11-03,7.875555592161101,1,False,0.03000256593470746,0
2025-11-04,8.955781055134622,1,False,0.02118403398467822,0
2025-11-05,8.139482008657243,1,False,0.03845508527402103,0
2025-11-06,7.227394417085143,1,False,0.02038611314747063,0
2025-11-07,8.351270689861277,1,False,0.012995914357584737,0
2025-11-08,7.644169010114438,-1,True,-0.03173615834159482,0
2025-11-09,7.496516416559763,-1,True,-0.023695927446772624,0
2025-11-10,7.1981202293868,-1,True,-0.00847427697696812,0
2025-11-11,7.775926890305093,-1,True,-0.012554891651811007,0
2025-11-12,7.378321848766859,1,False,0.004262859590958568,0
2025-11-13,7.724250138472039,-1,True,-0.03449276961053449,0
2025-11-14,6.941838139150537,-1,True,-0.040476604278904205,0
2025-11-15,7.145194736801969,-1,True,-0.09686533345696724,0
2025-11-16,6.85976529833426,-1,True,-0.10207375673633579,0
2025-11-17,21.364925268420794,-1,True,-0.180121519014933,0
2025-11-18,6.3572156635501855,-1,True,-0.11400970777112174,0
2025-11-19,7.100966465065958,-1,True,-0.11670566447863706,0
2025-11-20,7.633286728194984,-1,True,-0.06345833466956585,0
2025-11-21,7.143095672849159,-1,True,-0.046353450198092006,0
2025-11-22,6.713884280429331,-1,True,-0.06346596834497265,0
2025-11-23,6.709620775676934,-1,True,-0.021963969494580238,0
2025-11-24,6.9480429818698966,-1,True,-0.007220950673923365,0
2025-11-25,7.118371808086302,-1,True,-0.012447177338456017,0
2025-11-26,6.2571776768115415,-1,True,-0.011775989367944217,0
2025-11-27,6.427853829043757,-1,True,-0.009117308558271087,0
2025-11-28,5.977062579023412,1,False,0.046211197171301455,0
2025-11-29,5.478309851281742,1,False,0.019538008104489246,0
2025-11-30,5.766622611198729,1,False,0.016933223866063718,0
2025-12-01,5.580563287352802,1,False,0.02712701454367422,0
2025-12-02,5.748438000527585,1,False,0.03305644554025067,0
2025-12-03,5.159140918831458,1,False,0.03252079540281849,0
2025-12-04,5.308840214963271,1,False,0.03364882795618912,0
2025-12-05,5.042960450190043,1,False,0.03528528757386373,0
2025-12-06,4.38343356892339,1,False,0.012412564117420422,0
2025-12-07,5.574528774347916,1,False,0.00781725286829038,0
2025-12-08,5.2365822869538965,1,False,0.025117155585123396,0
2025-12-09,4.769970106842722,1,False,0.024089524910674898,0
2025-12-10,5.203240346759307,1,False,0.03546106922752834,0
2025-12-11,4.517332025027788,1,False,0.039964052136658657,0
2025-12-12,4.247068288023774,1,False,0.032226895642683995,0
2025-12-13,3.911651284391667,1,False,0.015962523992876676,0
2025-12-14,4.0806209244552845,1,False,0.01512517917528794,0
2025-12-15,4.303373914650328,1,False,0.03156799770377117,0
2025-12-16,3.5353480614661974,1,False,0.030801384110457075,0
2025-12-17,4.388539113495579,1,False,0.03800394541950791,0
2025-12-18,4.744919271788708,1,False,0.0260509850474388,0
2025-12-19,3.9088027518716943,1,False,0.035533580351712,0
2025-12-20,4.067075926271266,1,False,0.01442516848949782,0
2025-12-21,3.093861260391044,1,False,0.0023788763728460616,0
2025-12-22,3.2239824627324825,1,False,0.02477198068760683,0
2025-12-23,3.921297627373732,1,False,0.022503072288933057,0
2025-12-24,2.544451436129162,1,False,0.027739706494517347,0
2025-12-25,2.644785509607807,1,False,0.037841425821626695,0
2025-12-26,2.301753389527346,1,False,0.034018126450375274,0
2025-12-27,2.489024360386194,1,False,0.01724271069398814,0
2025-12-28,2.9407074213026827,1,False,0.015355520098340958,0
2025-12-29,2.3237952381438385,1,False,0.02852967261422923,0
2025-12-30,2.608535453887475,1,False,0.0359362146734572,0
2025-12-31,1.8302193924792856,1,False,0.045468153796587696,0
2026-01-01,2.445317582892077,1,False,0.04856399768958164,0
2026-01-02,2.3534530378722067,1,False,0.049457137385739314,0
2026-01-03,1.5624192980936715,1,False,0.021395783288394477,0
2026-01-04,2.57303306391625,1,False,0.00425241681109334,0
2026-01-05,2.167834138179507,1,False,0.030913716998715868,0
2026-01-06,0.9435627055709854,1,False,0.018170221841245726,0
2026-01-07,1.0934360774285077,1,False,0.03806165329033495,0
2026-01-08,1.270857364615265,1,False,0.04384060988798466,0
2026-01-09,1.4112140929337986,1,False,0.04533475748673588,0
2026-01-10,0.7028534573281148,1,False,0.01774117714058937,0
2026-01-11,0.5709501544184032,1,False,0.01774568596917958,0
2026-01-12,0.7911069717831952,1,False,0.03567389992030212,0
2026-01-13,1.5483864019933873,1,False,0.020252753275249835,0
2026-01-14,0.0512350677723417,1,False,0.010533907748678073,0
2026-01-15,0.689060357859423,-1,True,-0.004015467067480016,0
2026-01-16,0.5467056269027633,1,False,0.02384324192050402,0
2026-01-17,0.5351997139284228,1,False,0.025584117431111386,0
2026-01-18,1.0057993522120623,-1,True,-0.007603222574215862,0
2026-01-19,-0.2889611098921354,-1,True,-0.004851388160464265,0
2026-01-20,-0.6081176320540662,1,False,0.009923412383144814,0
2026-01-21,0.3258690641443533,1,False,0.011630048634805046,0
2026-01-22,-0.0021518887195052,1,False,0.028490264978049407,0
2026-01-23,-0.5524026836464844,-1,True,-0.026975759158218482,0
2026-01-24,-0.9502281506985292,-1,True,-0.014876808932863028,0
2026-01-25,0.1078931465277944,1,False,0.008630708651092722,0
2026-01-26,-0.8407404593621723,1,False,0.007359823787322917,0
2026-01-27,-1.6404610292321116,1,False,0.00450230645893418,0
2026-01-28,-1.5654494770748917,1,False,0.0359379159724319,0
2026-01-29,-1.6358625427975544,1,False,0.037183181669565635,0
2026-01-30,-1.4815448997385374,1,False,0.04877481225090313,0
2026-01-31,-1.2753902994831283,1,False,0.03839114656926618,0
2026-02-01,-0.8462274897784755,1,False,0.02448428262503799,0
2026-02-02,-2.3365497619370945,1,False,0.006840358968356497,0
2026-02-03,-1.2644818829185276,1,False,0.03809846384351179,0
2026-02-04,-1.917280979730071,1,False,0.0441088045150963,0
2026-02-05,-1.7346258237326897,1,False,0.056754873272046646,0
2026-02-06,-1.775164520083414,1,False,0.054940530896381956,0
2026-02-07,-1.9392772722209008,1,False,0.04074557091361003,0
2026-02-08,-2.4276673758320424,1,False,0.028563746260721667,0
2026-02-09,-2.211596709606773,1,False,0.04867086927968617,0
2026-02-10,-2.772242641916173,1,False,0.03720259554728089,0
2026-02-11,-2.4338247388316723,1,False,0.05122833137226396,0
2026-02-12,-2.466432711275676,1,False,0.054097651905163135,0
2026-02-13,-2.889756707897981,1,False,0.04714925067613296,0
2026-02-14,-3.1659042255043306,1,False,0.03577373097401082,0
2026-02-15,-3.7488909143036833,1,False,0.02913762305297013,0
2026-02-16,-2.989889041346339,1,False,0.04524593164454899,0
2026-02-17,-2.9787443623909997,1,False,0.04802098266115257,0
2026-02-18,-3.8136955843526334,1,False,0.03716880895443747,0
2026-02-19,-3.707976052395428,1,False,0.0551468254854276,0
2026-02-20,-4.771203334547103,1,False,0.029729194128147507,0
2026-02-21,-3.733233102001545,1,False,0.037945034349803064,0
2026-02-22,-5.372649907861161,1,False,0.0066010143340371474,0
2026-02-23,-4.159791115739849,1,False,0.03927640608624061,0
2026-02-24,-4.625883769626246,1,False,0.03739333489067309,0
2026-02-25,-4.608147054215674,1,False,0.05137189371526313,0
2026-02-26,-5.131832839414165,1,False,0.05211626482560888,0
2026-02-27,-5.565077642657952,1,False,0.05165775036192105,0
2026-02-28,-4.846338688453992,1,False,0.038710205479915716,0
2026-03-01,-4.201286290637952,1,False,0.02438361177338616,0
2026-03-02,-4.989400260374209,1,False,0.03920631696814586,0
2026-03-03,-4.509396058845054,1,False,0.04446473739861817,0
2026-03-04,-5.34045551595599,1,False,0.038993804275743726,0
2026-03-05,-5.713892915028316,1,False,0.05192367789708713,0
2026-03-06,-6.165533352612493,1,False,0.047080813707443436,0
2026-03-07,-6.230362673741735,1,False,0.04640387329738099,0
2026-03-08,-5.857997922099599,1,False,0.038445699998674476,0
2026-03-09,-5.69044577575487,1,False,0.04637710500723102,0
2026-03-10,-6.493110917606394,1,False,0.047505012471318164,0
2026-03-11,-6.074050568206663,1,False,0.0631845778871708,0
2026-03-12,-6.011470371570039,1,False,0.06237156520920828,0
2026-03-13,-5.873614444832864,1,False,0.06260759457898507,0
2026-03-14,-5.816712922281512,1,False,0.046125018752746716,0
2026-03-15,-6.401783418731354,1,False,0.03419420548700708,0
2026-03-16,-6.784282378141247,1,False,0.045310677799080934,0
2026-03-17,-6.393151210633588,1,False,0.05666843808431549,0
2026-03-18,-7.15248349408047,1,False,0.05777037823201825,0
2026-03-19,-7.452360316895423,1,False,0.06058674163177069,0
2026-03-20,-6.576793189964487,1,False,0.05705588063082789,0
2026-03-21,-6.367242110481694,1,False,0.0433611311828524,0
2026-03-22,-7.531782479060721,1,False,0.033294358823073134,0
2026-03-23,-6.578223366066398,1,False,0.04497680535712739,0
2026-03-24,-8.012351581009456,1,False,0.02701924145307749,0
2026-03-25,-7.6323768178843965,1,False,0.050760411485109846,0
2026-03-26,-6.554750933846959,1,False,0.04367764430612736,0
2026-03-27,-7.93057048176078,1,False,0.04477043773140793,0
2026-03-28,-7.907766195718198,1,False,0.04832155758797119,0
2026-03-29,-7.815246504026773,1,False,0.0411971451300166,0
2026-03-30,-7.309909721236453,1,False,0.0528650905934816,0
2026-03-31,-7.854155074702399,1,False,0.057239741678711376,0
2026-04-01,-8.090101777057702,1,False,0.05722376893380593,0
2026-04-02,-7.03064532121503,1,False,0.044765240004766005,0
2026-04-03,-8.15341481954736,1,False,0.04953816113280879,0
2026-04-04,-7.212802369747438,1,False,0.043435595499135726,0
2026-04-05,-8.431757984293728,1,False,0.03233694104067619,0
2026-04-06,-7.882466569716474,1,False,0.05172416911041805,0
2026-04-07,-9.275509586437824,1,False,0.02498729925278187,0
2026-04-08,-7.786191667311338,1,False,0.05357208175845324,0
2026-04-09,-8.362479543067025,1,False,0.05717290317239354,0
2026-04-10,-8.18128623854824,1,False,0.06699634914613517,0
2026-04-11,-9.293102824818147,1,False,0.032412447461137195,0
2026-04-12,-7.636911224527369,1,False,0.031952869232210024,0
2026-04-13,-9.146725662703073,1,False,0.035512579172161995,0
2026-04-14,-8.501360578965153,1,False,0.05177296476592169,0
2026-04-15,-8.517989592177495,1,False,0.06558621223510708,0
2026-04-16,-8.337712254264456,1,False,0.06704078350936982,0
2026-04-17,-9.56083802096414,1,False,0.04628068690038378,0
2026-04-18,-8.96751460306953,1,False,0.0528674188317545,0
2026-04-19,-9.086156376734223,1,False,0.04731833259332502,0
2026-04-20,-9.084824242867152,1,False,0.06186446360509035,0
2026-04-21,-8.8303599470936,1,False,0.06422349005909517,0
2026-04-22,-8.408490652086222,1,False,0.060686933953152666,0
2026-04-23,-9.144590541589343,1,False,0.05784078956478844,0
2026-04-24,-10.058868336052624,1,False,0.035168820528213574,0
2026-04-25,-9.111605513551762,1,False,0.04383549044350432,0
2026-04-26,-8.939921710648813,1,False,0.04151875273421024,0
2026-04-27,-9.052866305935098,1,False,0.046391484466723254,0
2026-04-28,-9.14747733078813,1,False,0.0562313646189449,0
2026-04-29,-9.829944287216597,1,False,0.05069353854943037,0
2026-04-30,-8.652857233782678,1,False,0.047657179971150765,0
2026-05-01,-9.183553889312488,1,False,0.05698756568428165,0
2026-05-02,-9.18559185367065,1,False,0.048462985100113654,0
2026-05-03,-10.17227456209688,1,False,0.013233374085118599,0
2026-05-04,-9.084518627165872,1,False,0.03704518786947175,0
2026-05-05,-10.349968455951227,1,False,0.01997792797004233,0
2026-05-06,-10.277954797583554,1,False,0.045715804099518476,0
2026-05-07,-10.275075570393494,1,False,0.021395363692253866,0
2026-05-08,-9.679496339489653,1,False,0.025253168957647065,0
2026-05-09,-9.405247852961336,1,False,0.01503051242419512,0
2026-05-10,-10.890451467048804,-1,True,-0.005405759645448649,0
2026-05-11,-9.205960885243824,1,False,0.013009839004743562,0
2026-05-12,-10.000127216979775,-1,True,-0.014743939402277362,0
2026-05-13,-10.249226533427915,1,False,0.008444547405086544,0
2026-05-14,-9.797932378334693,-1,True,-0.02247362639518058,0
2026-05-15,-10.477095676473493,-1,True,-0.026080342778397436,0
2026-05-16,0.410181891554922,-1,True,-0.11858631468706571,0
2026-05-17,-10.716993899428877,-1,True,-0.10743150363964105,0
2026-05-18,-9.854428990959404,-1,True,-0.0739867869734695,0
2026-05-19,-11.251278383734093,-1,True,-0.059854583456466104,0
2026-05-20,-9.733294697784256,-1,True,-0.02881186923278689,0
2026-05-21,-10.658822623613403,-1,True,-0.03202314010995044,0
2026-05-22,-10.698332923748366,1,False,0.005391503035633627,0
2026-05-23,-10.07783392024496,-1,True,-0.006562452382566919,0
2026-05-24,-10.496962342414632,-1,True,-0.0036191310813452615,0
2026-05-25,-9.738410840673057,1,False,0.005789708311236097,0
2026-05-26,-9.75940983878158,1,False,0.012801300685768235,0
2026-05-27,-10.423477873780357,1,False,0.03486731896181128,0
2026-05-28,-10.30006197298318,1,False,0.03511357967866724,0
2026-05-29,-10.313161370938364,1,False,0.03850180817433857,0
2026-05-30,-10.098080087957188,1,False,0.02833786627330742,0
2026-05-31,-9.429940168262569,1,False,0.004525517201438234,0
2026-06-01,-9.757284002732115,1,False,0.0210926920059733,0
2026-06-02,-9.576801794536603,1,False,0.011224105419061992,0
2026-06-03,-9.993580922946004,1,False,0.03837752798735472,0
2026-06-04,-11.236365587567324,1,False,0.0009164550377852021,0
2026-06-05,-9.943287154881409,1,False,0.017783313032734505,0
2026-06-06,-10.25460788768303,1,False,0.005837318968019034,0
2026-06-07,-10.335820611842552,1,False,0.004338599599011006,0
2026-06-08,-10.657532927818748,1,False,0.011929027820997029,0
2026-06-09,-10.219938209245338,1,False,0.023615208660651477,0
2026-06-10,-9.489621365588096,1,False,0.04489815349202797,0
2026-06-11,-10.081211598473072,1,False,0.04989533521503264,0
2026-06-12,-8.97883906111381,1,False,0.029585984188190972,0
2026-06-13,-9.96644720541576,1,False,0.022498772347254725,0
2026-06-14,-9.359269591367084,1,False,0.03592919289509333,0
2026-06-15,-8.60608762208332,1,False,0.028223313329357624,0
2026-06-16,-9.474926005990488,1,False,0.045222689952950534,0
2026-06-17,-9.46968811579606,1,False,0.05923968551807446,0
2026-06-18,-9.813292436678056,1,False,0.057962519115790645,0
2026-06-19,-9.682502420125983,1,False,0.05937009529850501,0
2026-06-20,-10.037012488006468,1,False,0.02569439660547501,0
2026-06-21,-9.558449974365857,1,False,0.03672055969414589,0
2026-06-22,-8.797019009045979,1,False,0.027939692473901045,0
2026-06-23,-9.065714996307374,1,False,0.05324062658456924,0
2026-06-24,-9.029505244029686,1,False,0.061621948771634516,0
2026-06-25,-8.772944574355101,1,False,0.061232714744337946,0
2026-06-26,-9.054365882139034,1,False,0.06137508598340874,0
2026-06-27,-9.309864278557727,1,False,0.04546914331973628,0
2026-06-28,-8.8221988407869,1,False,0.04225581396390232,0
2026-06-29,-9.04052714041691,1,False,0.05369800083663595,0
2026-06-30,-9.131038053527444,1,False,0.05685907249380673,0
2026-07-01,-8.597816707504432,1,False,0.059815885256871204,0
2026-07-02,-9.1690948119794,1,False,0.05662051303303284,0
2026-07-03,-7.926950323676722,1,False,0.04630947186250034,0
2026-07-04,-7.355098377501599,1,False,0.01986082947039941,0
2026-07-05,-8.200814893691694,1,False,0.024991946021108435,0
2026-07-06,-8.92273506247108,1,False,0.04154246460262778,0
2026-07-07,-7.601444931370958,1,False,0.03153199004929619,0
2026-07-08,-8.615059183350604,1,False,0.03471262385158391,0
2026-07-09,-8.78874790724903,1,False,0.04663749223464342,0
2026-07-10,-7.549321424295813,1,False,0.04152720639006169,0
2026-07-11,-7.23926109512827,1,False,0.025209037736647344,0
2026-07-12,-8.536407623227928,1,False,0.008294437234971808,0
2026-07-13,-8.060365470509895,1,False,0.046640249134596246,0
2026-07-14,-7.844037511333822,1,False,0.04823890584149404,0
2026-07-15,-8.477553964539172,1,False,0.044820897404360294,0
2026-07-16,-8.075047279921861,1,False,0.059362631956094314,0
2026-07-17,-8.133923744885326,1,False,0.052605025944748196,0
2026-07-18,-7.640399142019004,1,False,0.04436761850701343,0
2026-07-19,-7.409122093412363,1,False,0.030291019064188185,0
2026-07-20,-8.019508052451098,1,False,0.038807068040855985,0
2026-07-21,-7.918214509398846,1,False,0.0458766551031648,0
2026-07-22,-7.838664691880631,1,False,0.04859759117524709,0
2026-07-23,-7.819252317223995,1,False,0.05440962801912308,0
2026-07-24,-7.113757191089712,1,False,0.046131104178868065,0
2026-07-25,-7.500516444350602,1,False,0.03963239340324898,0
2026-07-26,-6.822850054859432,1,False,0.01894670512918961,0
2026-07-27,-7.253499317452002,1,False,0.04170286092455994,0
2026-07-28,-6.634157193005365,1,False,0.045124682064684396,0
2026-07-29,-6.943200583924739,1,False,0.0511771529531484,0
2026-07-30,-6.698519529565321,1,False,0.056589936784533,0
2026-07-31,-6.858519890908767,1,False,0.060998862717026925,0
2026-08-01,-6.770582721585483,1,False,0.042745153661363666,0
2026-08-02,-6.6456343010102925,1,False,0.03450898272191122,0
2026-08-03,-6.350293673186648,1,False,0.04254924071130439,0
2026-08-04,-6.407501538385949,1,False,0.050543376225831715,0
2026-08-05,-5.257563201328916,1,False,0.04398624172505455,0
2026-08-06,-6.150927571475567,1,False,0.04896233242870518,0
2026-08-07,-6.236252018623407,1,False,0.05996721657124471,0
2026-08-08,-6.047741264670682,1,False,0.04296763559555461,0
2026-08-09,-4.74420217557934,1,False,0.005814691913130221,0
2026-08-10,-6.157944160242939,1,False,0.025406491265610343,0
2026-08-11,-6.346772361508769,1,False,0.0315722715458453,0
2026-08-12,-5.1244290048888805,1,False,0.04031501541578092,0
2026-08-13,-4.674565525117331,1,False,0.047921016543969686,0
2026-08-14,-4.797038550397502,1,False,0.05543461373561315,0
2026-08-15,-5.283713829765079,1,False,0.047020302429542526,0
2026-08-16,-5.498171046143654,1,False,0.04084281659359207,0
2026-08-17,-4.323718840446755,1,False,0.03445510103461086,0
2026-08-18,-4.703803754349494,1,False,0.044036768615648814,0
2026-08-19,-4.26382578627625,1,False,0.05187190935381736,0
2026-08-20,-4.08156733599335,1,False,0.0454368259937698,0
2026-08-21,-4.343513070289129,1,False,0.050009634580129525,0
2026-08-22,-5.070673763595012,1,False,0.03079952188184898,0
2026-08-23,-5.237097001592308,1,False,0.037687496408640886,0
2026-08-24,-3.4569265370979148,1,False,0.029776525511994723,0
2026-08-25,-3.863056848932006,1,False,0.030998577088358625,0
2026-08-26,-3.302455147430808,1,False,0.035282842264748204,0
2026-08-27,-4.296538542803406,1,False,0.033241004728029155,0
2026-08-28,-3.4896476153874083,1,False,0.04819671271065701,0
2026-08-29,-2.589152727776371,1,False,0.021135007824741037,0
2026-08-30,-2.933681896666784,1,False,0.028748099796685578,0
2026-08-31,-2.865993709268503,1,False,0.040001452121942005,0
2026-09-01,-3.9180362444743846,1,False,0.017968383002336885,0
2026-09-02,-3.114843395204937,1,False,0.04615248646083697,0
2026-09-03,-2.379921949780689,1,False,0.041828634285519806,0
2026-09-04,-2.4736069824263733,1,False,0.05036726593471402,0
2026-09-05,-2.557801277501793,1,False,0.03124960716676578,0
2026-09-06,-1.5746713192511672,1,False,0.019317619842559308,0
2026-09-07,-3.3932469052702547,1,False,0.002859901811218979,0
2026-09-08,-1.795372394156097,1,False,0.0321029449861735,0
2026-09-09,-1.3558420223378147,1,False,0.031545675326462186,0
2026-09-10,-1.5414686500066408,1,False,0.03743655669146245,0
2026-09-11,-1.8002541649795694,1,False,0.03570475453419458,0
2026-09-12,-3.1160118172366094,-1,True,-0.010938390082512739,0
2026-09-13,-1.8270180424632405,1,False,0.023257303959721698,0
2026-09-14,-0.8412517329726374,1,False,0.025835027108931263,0
2026-09-15,-0.7292812865807622,1,False,0.01950649100514157,0
2026-09-16,-1.7939473004799005,1,False,0.004649301475681544,0
2026-09-17,-1.0266274893920064,1,False,0.034674007411928776,0
2026-09-18,0.3569351918046801,1,False,0.022283074320688934,0
2026-09-19,0.5039215746735171,1,False,0.01117383971949848,0
2026-09-20,-0.1809316757299175,1,False,0.012884151944719313,0
2026-09-21,-0.7335952542189067,1,False,0.010812825076942922,0
2026-09-22,-1.104195897707167,1,False,0.003903667809042055,0
2026-09-23,-0.561882555932563,1,False,0.03825955621138233,0
2026-09-24,0.004954344236965,1,False,0.031591958242960405,0
2026-09-25,-0.6076291782835469,1,False,0.00308706255753044,0
2026-09-26,-0.4177353861668968,-1,True,-0.0004204987614686573,0
